"time_interval","distance_km","yearly_surface_pressure_2m_difference","yearly_dewpoint_temperature_2m_difference","yearly_temperature_2m_difference","yearly_total_precipitation_sum_difference","pred","upper","lower"
5,-0.215853667242581,-0.0442182401526559,-0.12333838334168,-0.162998231190099,0.158134268696439,0.992144202301837,0.994570689242402,0.989717715361271
11.1306532663316,-0.215853667242581,-0.0442182401526559,-0.12333838334168,-0.162998231190099,0.158134268696439,0.992136858323507,0.994554210962747,0.989719505684267
17.2613065326633,-0.215853667242581,-0.0442182401526559,-0.12333838334168,-0.162998231190099,0.158134268696439,0.992129514345279,0.994537804925124,0.989721223765435
23.391959798995,-0.215853667242581,-0.0442182401526559,-0.12333838334168,-0.162998231190099,0.158134268696439,0.992122170367312,0.994521471949,0.989722868785625
29.5226130653267,-0.215853667242581,-0.0442182401526559,-0.12333838334168,-0.162998231190099,0.158134268696439,0.992114826389812,0.994505212859604,0.98972443992002
35.6532663316583,-0.215853667242581,-0.0442182401526559,-0.12333838334168,-0.162998231190099,0.158134268696439,0.992107482413032,0.994489028487704,0.98972593633836
41.78391959799,-0.215853667242581,-0.0442182401526559,-0.12333838334168,-0.162998231190099,0.158134268696439,0.992100138437276,0.994472919669404,0.989727357205147
47.9145728643216,-0.215853667242581,-0.0442182401526559,-0.12333838334168,-0.162998231190099,0.158134268696439,0.992092794462896,0.994456887245887,0.989728701679906
54.0452261306532,-0.215853667242581,-0.0442182401526559,-0.12333838334168,-0.162998231190099,0.158134268696439,0.992085450490317,0.994440932063293,0.989729968917342
60.175879396985,-0.215853667242581,-0.0442182401526559,-0.12333838334168,-0.162998231190099,0.158134268696439,0.99207810652002,0.994425054972362,0.989731158067677
66.3065326633166,-0.215853667242581,-0.0442182401526559,-0.12333838334168,-0.162998231190099,0.158134268696439,0.992070762552518,0.994409256828064,0.989732268276973
72.4371859296483,-0.215853667242581,-0.0442182401526559,-0.12333838334168,-0.162998231190099,0.158134268696439,0.992063418588376,0.994393538489418,0.989733298687334
78.5678391959798,-0.215853667242581,-0.0442182401526559,-0.12333838334168,-0.162998231190099,0.158134268696439,0.992056074628205,0.994377900819227,0.989734248437182
84.6984924623116,-0.215853667242581,-0.0442182401526559,-0.12333838334168,-0.162998231190099,0.158134268696439,0.992048730672641,0.994362344683703,0.989735116661578
90.8291457286433,-0.215853667242581,-0.0442182401526559,-0.12333838334168,-0.162998231190099,0.158134268696439,0.992041386722343,0.994346870952205,0.98973590249248
96.9597989949748,-0.215853667242581,-0.0442182401526559,-0.12333838334168,-0.162998231190099,0.158134268696439,0.99203404277798,0.994331480496923,0.989736605059037
103.090452261306,-0.215853667242581,-0.0442182401526559,-0.12333838334168,-0.162998231190099,0.158134268696439,0.992026698840232,0.994316174192633,0.989737223487831
109.221105527638,-0.215853667242581,-0.0442182401526559,-0.12333838334168,-0.162998231190099,0.158134268696439,0.992019354909789,0.994300952916468,0.989737756903109
115.35175879397,-0.215853667242581,-0.0442182401526559,-0.12333838334168,-0.162998231190099,0.158134268696439,0.992012010987349,0.994285817547626,0.989738204427071
121.482412060301,-0.215853667242581,-0.0442182401526559,-0.12333838334168,-0.162998231190099,0.158134268696439,0.992004667073618,0.994270768967146,0.989738565180091
127.613065326633,-0.215853667242581,-0.0442182401526559,-0.12333838334168,-0.162998231190099,0.158134268696439,0.991997323169309,0.994255808057636,0.989738838280983
133.743718592965,-0.215853667242581,-0.0442182401526559,-0.12333838334168,-0.162998231190099,0.158134268696439,0.991989979275137,0.994240935703008,0.989739022847266
139.874371859296,-0.215853667242581,-0.0442182401526559,-0.12333838334168,-0.162998231190099,0.158134268696439,0.991982635391816,0.994226152788197,0.989739117995434
146.005025125628,-0.215853667242581,-0.0442182401526559,-0.12333838334168,-0.162998231190099,0.158134268696439,0.991975291520056,0.994211460198853,0.98973912284126
152.13567839196,-0.215853667242581,-0.0442182401526559,-0.12333838334168,-0.162998231190099,0.158134268696439,0.991967947660564,0.994196858821018,0.989739036500111
158.266331658291,-0.215853667242581,-0.0442182401526559,-0.12333838334168,-0.162998231190099,0.158134268696439,0.991960603814045,0.994182349540753,0.989738858087336
164.396984924623,-0.215853667242581,-0.0442182401526559,-0.12333838334168,-0.162998231190099,0.158134268696439,0.991953259981201,0.994167933243775,0.989738586718627
170.527638190955,-0.215853667242581,-0.0442182401526559,-0.12333838334168,-0.162998231190099,0.158134268696439,0.991945916162739,0.994153610815105,0.989738221510372
176.658291457286,-0.215853667242581,-0.0442182401526559,-0.12333838334168,-0.162998231190099,0.158134268696439,0.991938572359362,0.994139383138719,0.989737761580004
182.788944723618,-0.215853667242581,-0.0442182401526559,-0.12333838334168,-0.162998231190099,0.158134268696439,0.991931228571768,0.994125251097216,0.98973720604632
188.91959798995,-0.215853667242581,-0.0442182401526559,-0.12333838334168,-0.162998231190099,0.158134268696439,0.991923884800651,0.994111215571447,0.989736554029856
195.050251256281,-0.215853667242581,-0.0442182401526559,-0.12333838334168,-0.162998231190099,0.158134268696439,0.991916541046704,0.994097277440122,0.989735804653287
201.180904522613,-0.215853667242581,-0.0442182401526559,-0.12333838334168,-0.162998231190099,0.158134268696439,0.991909197310609,0.994083437579455,0.989734957041763
207.311557788945,-0.215853667242581,-0.0442182401526559,-0.12333838334168,-0.162998231190099,0.158134268696439,0.991901853593048,0.994069696862722,0.989734010323373
213.442211055276,-0.215853667242581,-0.0442182401526559,-0.12333838334168,-0.162998231190099,0.158134268696439,0.991894509894702,0.994056056159837,0.989732963629566
219.572864321608,-0.215853667242581,-0.0442182401526559,-0.12333838334168,-0.162998231190099,0.158134268696439,0.991887166216252,0.994042516336946,0.989731816095558
225.70351758794,-0.215853667242581,-0.0442182401526559,-0.12333838334168,-0.162998231190099,0.158134268696439,0.99187982255837,0.994029078256048,0.989730566860691
231.834170854271,-0.215853667242581,-0.0442182401526559,-0.12333838334168,-0.162998231190099,0.158134268696439,0.991872478921716,0.994015742774578,0.989729215068854
237.964824120603,-0.215853667242581,-0.0442182401526559,-0.12333838334168,-0.162998231190099,0.158134268696439,0.991865135306942,0.99400251074496,0.989727759868924
244.095477386935,-0.215853667242581,-0.0442182401526559,-0.12333838334168,-0.162998231190099,0.158134268696439,0.991857791714697,0.993989383014102,0.989726200415292
250.226130653266,-0.215853667242581,-0.0442182401526559,-0.12333838334168,-0.162998231190099,0.158134268696439,0.991850448145623,0.993976360422988,0.989724535868259
256.356783919598,-0.215853667242581,-0.0442182401526559,-0.12333838334168,-0.162998231190099,0.158134268696439,0.991843104600332,0.993963443806338,0.989722765394326
262.48743718593,-0.215853667242581,-0.0442182401526559,-0.12333838334168,-0.162998231190099,0.158134268696439,0.991835761079411,0.993950633992104,0.989720888166719
268.618090452261,-0.215853667242581,-0.0442182401526559,-0.12333838334168,-0.162998231190099,0.158134268696439,0.991828417583419,0.993937931801016,0.989718903365823
274.748743718593,-0.215853667242581,-0.0442182401526559,-0.12333838334168,-0.162998231190099,0.158134268696439,0.991821074112889,0.993925338046068,0.989716810179709
280.879396984925,-0.215853667242581,-0.0442182401526559,-0.12333838334168,-0.162998231190099,0.158134268696439,0.991813730668346,0.993912853531892,0.989714607804801
287.010050251256,-0.215853667242581,-0.0442182401526559,-0.12333838334168,-0.162998231190099,0.158134268696439,0.991806387250308,0.993900479054271,0.989712295446344
293.140703517588,-0.215853667242581,-0.0442182401526559,-0.12333838334168,-0.162998231190099,0.158134268696439,0.991799043859266,0.993888215399692,0.98970987231884
299.27135678392,-0.215853667242581,-0.0442182401526559,-0.12333838334168,-0.162998231190099,0.158134268696439,0.991791700495684,0.993876063344838,0.98970733764653
305.402010050251,-0.215853667242581,-0.0442182401526559,-0.12333838334168,-0.162998231190099,0.158134268696439,0.99178435716001,0.993864023655994,0.989704690664027
311.532663316583,-0.215853667242581,-0.0442182401526559,-0.12333838334168,-0.162998231190099,0.158134268696439,0.991777013852676,0.993852097088508,0.989701930616845
317.663316582915,-0.215853667242581,-0.0442182401526559,-0.12333838334168,-0.162998231190099,0.158134268696439,0.991769670574087,0.993840284386283,0.989699056761891
323.793969849246,-0.215853667242581,-0.0442182401526559,-0.12333838334168,-0.162998231190099,0.158134268696439,0.991762327324635,0.993828586281192,0.989696068368077
329.924623115578,-0.215853667242581,-0.0442182401526559,-0.12333838334168,-0.162998231190099,0.158134268696439,0.991754984104699,0.993817003492492,0.989692964716907
336.05527638191,-0.215853667242581,-0.0442182401526559,-0.12333838334168,-0.162998231190099,0.158134268696439,0.99174764091464,0.993805536726347,0.989689745102933
342.185929648241,-0.215853667242581,-0.0442182401526559,-0.12333838334168,-0.162998231190099,0.158134268696439,0.991740297754777,0.993794186675358,0.989686408834197
348.316582914573,-0.215853667242581,-0.0442182401526559,-0.12333838334168,-0.162998231190099,0.158134268696439,0.991732954625412,0.993782954017932,0.989682955232892
354.447236180904,-0.215853667242581,-0.0442182401526559,-0.12333838334168,-0.162998231190099,0.158134268696439,0.99172561152683,0.993771839417695,0.989679383635965
360.577889447236,-0.215853667242581,-0.0442182401526559,-0.12333838334168,-0.162998231190099,0.158134268696439,0.99171826845931,0.993760843522933,0.989675693395687
366.708542713568,-0.215853667242581,-0.0442182401526559,-0.12333838334168,-0.162998231190099,0.158134268696439,0.991710925423113,0.993749966966108,0.989671883880118
372.839195979899,-0.215853667242581,-0.0442182401526559,-0.12333838334168,-0.162998231190099,0.158134268696439,0.991703582418475,0.99373921036337,0.989667954473579
378.969849246231,-0.215853667242581,-0.0442182401526559,-0.12333838334168,-0.162998231190099,0.158134268696439,0.991696239445612,0.993728574314025,0.989663904577199
385.100502512563,-0.215853667242581,-0.0442182401526559,-0.12333838334168,-0.162998231190099,0.158134268696439,0.99168889650471,0.993718059400091,0.989659733609329
391.231155778894,-0.215853667242581,-0.0442182401526559,-0.12333838334168,-0.162998231190099,0.158134268696439,0.991681553595923,0.993707666185797,0.98965544100605
397.361809045226,-0.215853667242581,-0.0442182401526559,-0.12333838334168,-0.162998231190099,0.158134268696439,0.991674210719396,0.993697395216995,0.989651026221797
403.492462311558,-0.215853667242581,-0.0442182401526559,-0.12333838334168,-0.162998231190099,0.158134268696439,0.991666867875266,0.993687247020649,0.989646488729883
409.623115577889,-0.215853667242581,-0.0442182401526559,-0.12333838334168,-0.162998231190099,0.158134268696439,0.991659525063661,0.993677222104399,0.989641828022923
415.753768844221,-0.215853667242581,-0.0442182401526559,-0.12333838334168,-0.162998231190099,0.158134268696439,0.991652182284695,0.993667320956144,0.989637043613245
421.884422110553,-0.215853667242581,-0.0442182401526559,-0.12333838334168,-0.162998231190099,0.158134268696439,0.991644839538475,0.99365754404358,0.98963213503337
428.015075376884,-0.215853667242581,-0.0442182401526559,-0.12333838334168,-0.162998231190099,0.158134268696439,0.991637496825092,0.993647891813857,0.989627101836327
434.145728643216,-0.215853667242581,-0.0442182401526559,-0.12333838334168,-0.162998231190099,0.158134268696439,0.991630154144614,0.993638364693276,0.989621943595952
440.276381909548,-0.215853667242581,-0.0442182401526559,-0.12333838334168,-0.162998231190099,0.158134268696439,0.991622811497095,0.993628963086828,0.989616659907363
446.407035175879,-0.215853667242581,-0.0442182401526559,-0.12333838334168,-0.162998231190099,0.158134268696439,0.991615468882582,0.993619687377748,0.989611250387417
452.537688442211,-0.215853667242581,-0.0442182401526559,-0.12333838334168,-0.162998231190099,0.158134268696439,0.99160812630112,0.993610537927157,0.989605714675084
458.668341708543,-0.215853667242581,-0.0442182401526559,-0.12333838334168,-0.162998231190099,0.158134268696439,0.991600783752751,0.993601515073669,0.989600052431833
464.798994974874,-0.215853667242581,-0.0442182401526559,-0.12333838334168,-0.162998231190099,0.158134268696439,0.991593441237518,0.993592619133077,0.989594263341959
470.929648241206,-0.215853667242581,-0.0442182401526559,-0.12333838334168,-0.162998231190099,0.158134268696439,0.99158609875546,0.993583850398127,0.989588347112793
477.060301507538,-0.215853667242581,-0.0442182401526559,-0.12333838334168,-0.162998231190099,0.158134268696439,0.991578756306606,0.99357520913837,0.989582303474842
483.190954773869,-0.215853667242581,-0.0442182401526559,-0.12333838334168,-0.162998231190099,0.158134268696439,0.99157141389098,0.993566695599887,0.989576132182072
489.321608040201,-0.215853667242581,-0.0442182401526559,-0.12333838334168,-0.162998231190099,0.158134268696439,0.991564071508603,0.993558310004904,0.989569833012301
495.452261306533,-0.215853667242581,-0.0442182401526559,-0.12333838334168,-0.162998231190099,0.158134268696439,0.991556729159496,0.993550052551625,0.989563405767367
501.582914572864,-0.215853667242581,-0.0442182401526559,-0.12333838334168,-0.162998231190099,0.158134268696439,0.991549386843679,0.99354192341408,0.989556850273277
507.713567839196,-0.215853667242581,-0.0442182401526559,-0.12333838334168,-0.162998231190099,0.158134268696439,0.991542044561166,0.993533922741983,0.989550166380348
513.844221105528,-0.215853667242581,-0.0442182401526559,-0.12333838334168,-0.162998231190099,0.158134268696439,0.99153470231197,0.993526050660606,0.989543353963334
519.974874371859,-0.215853667242581,-0.0442182401526559,-0.12333838334168,-0.162998231190099,0.158134268696439,0.991527360096105,0.993518307270579,0.98953641292163
526.105527638191,-0.215853667242581,-0.0442182401526559,-0.12333838334168,-0.162998231190099,0.158134268696439,0.991520017913581,0.993510692647753,0.989529343179409
532.236180904523,-0.215853667242581,-0.0442182401526559,-0.12333838334168,-0.162998231190099,0.158134268696439,0.991512675764411,0.99350320684312,0.989522144685703
538.366834170854,-0.215853667242581,-0.0442182401526559,-0.12333838334168,-0.162998231190099,0.158134268696439,0.991505333648608,0.993495849882765,0.989514817414452
544.497487437186,-0.215853667242581,-0.0442182401526559,-0.12333838334168,-0.162998231190099,0.158134268696439,0.991497991566183,0.993488621767842,0.989507361364524
550.628140703518,-0.215853667242581,-0.0442182401526559,-0.12333838334168,-0.162998231190099,0.158134268696439,0.991490649517148,0.99348152247458,0.989499776559716
556.758793969849,-0.215853667242581,-0.0442182401526559,-0.12333838334168,-0.162998231190099,0.158134268696439,0.991483307501515,0.993474551954392,0.989492063048638
562.889447236181,-0.215853667242581,-0.0442182401526559,-0.12333838334168,-0.162998231190099,0.158134268696439,0.991475965519293,0.993467710134037,0.98948422090455
569.020100502512,-0.215853667242581,-0.0442182401526559,-0.12333838334168,-0.162998231190099,0.158134268696439,0.991468623570491,0.993460996915585,0.989476250225397
575.150753768844,-0.215853667242581,-0.0442182401526559,-0.12333838334168,-0.162998231190099,0.158134268696439,0.991461281655117,0.993454412176441,0.989468151133793
581.281407035176,-0.215853667242581,-0.0442182401526559,-0.12333838334168,-0.162998231190099,0.158134268696439,0.991453939773181,0.993447955769464,0.989459923776898
587.412060301507,-0.215853667242581,-0.0442182401526559,-0.12333838334168,-0.162998231190099,0.158134268696439,0.991446597924689,0.993441627523109,0.98945156832627
593.542713567839,-0.215853667242581,-0.0442182401526559,-0.12333838334168,-0.162998231190099,0.158134268696439,0.991439256109652,0.993435427241631,0.989443084977674
599.673366834171,-0.215853667242581,-0.0442182401526559,-0.12333838334168,-0.162998231190099,0.158134268696439,0.991431914328076,0.993429354705373,0.989434473950779
605.804020100502,-0.215853667242581,-0.0442182401526559,-0.12333838334168,-0.162998231190099,0.158134268696439,0.991424572579969,0.993423409670904,0.989425735489033
611.934673366834,-0.215853667242581,-0.0442182401526559,-0.12333838334168,-0.162998231190099,0.158134268696439,0.991417230865336,0.993417591871212,0.989416869859459
618.065326633166,-0.215853667242581,-0.0442182401526559,-0.12333838334168,-0.162998231190099,0.158134268696439,0.991409889184184,0.99341190101597,0.989407877352397
624.195979899497,-0.215853667242581,-0.0442182401526559,-0.12333838334168,-0.162998231190099,0.158134268696439,0.991402547536518,0.993406336791956,0.98939875828108
630.326633165829,-0.215853667242581,-0.0442182401526559,-0.12333838334168,-0.162998231190099,0.158134268696439,0.99139520592234,0.993400898863428,0.989389512981252
636.457286432161,-0.215853667242581,-0.0442182401526559,-0.12333838334168,-0.162998231190099,0.158134268696439,0.991387864341648,0.99339558687235,0.989380141810946
642.587939698492,-0.215853667242581,-0.0442182401526559,-0.12333838334168,-0.162998231190099,0.158134268696439,0.99138052279444,0.993390400438749,0.98937064515013
648.718592964824,-0.215853667242581,-0.0442182401526559,-0.12333838334168,-0.162998231190099,0.158134268696439,0.991373181280708,0.993385339160975,0.989361023400441
654.849246231156,-0.215853667242581,-0.0442182401526559,-0.12333838334168,-0.162998231190099,0.158134268696439,0.991365839800449,0.993380402615999,0.989351276984898
660.979899497487,-0.215853667242581,-0.0442182401526559,-0.12333838334168,-0.162998231190099,0.158134268696439,0.991358498353656,0.993375590359796,0.989341406347516
667.110552763819,-0.215853667242581,-0.0442182401526559,-0.12333838334168,-0.162998231190099,0.158134268696439,0.991351156940321,0.993370901927854,0.989331411952787
673.241206030151,-0.215853667242581,-0.0442182401526559,-0.12333838334168,-0.162998231190099,0.158134268696439,0.991343815560427,0.993366336835678,0.989321294285177
679.371859296482,-0.215853667242581,-0.0442182401526559,-0.12333838334168,-0.162998231190099,0.158134268696439,0.991336474213952,0.99336189457922,0.989311053848685
685.502512562814,-0.215853667242581,-0.0442182401526559,-0.12333838334168,-0.162998231190099,0.158134268696439,0.991329132900862,0.993357574635334,0.989300691166391
691.633165829146,-0.215853667242581,-0.0442182401526559,-0.12333838334168,-0.162998231190099,0.158134268696439,0.991321791621114,0.993353376462202,0.989290206780026
697.763819095477,-0.215853667242581,-0.0442182401526559,-0.12333838334168,-0.162998231190099,0.158134268696439,0.991314450374656,0.993349299499674,0.989279601249639
703.894472361809,-0.215853667242581,-0.0442182401526559,-0.12333838334168,-0.162998231190099,0.158134268696439,0.991307109161428,0.993345343169813,0.989268875153044
710.025125628141,-0.215853667242581,-0.0442182401526559,-0.12333838334168,-0.162998231190099,0.158134268696439,0.991299767981357,0.993341506877305,0.989258029085408
716.155778894472,-0.215853667242581,-0.0442182401526559,-0.12333838334168,-0.162998231190099,0.158134268696439,0.991292426834367,0.993337790009809,0.989247063658925
722.286432160804,-0.215853667242581,-0.0442182401526559,-0.12333838334168,-0.162998231190099,0.158134268696439,0.991285085720379,0.993334191938497,0.98923597950226
728.417085427136,-0.215853667242581,-0.0442182401526559,-0.12333838334168,-0.162998231190099,0.158134268696439,0.991277744639308,0.993330712018481,0.989224777260135
734.547738693467,-0.215853667242581,-0.0442182401526559,-0.12333838334168,-0.162998231190099,0.158134268696439,0.991270403591067,0.99332734958936,0.989213457592775
740.678391959799,-0.215853667242581,-0.0442182401526559,-0.12333838334168,-0.162998231190099,0.158134268696439,0.991263062575552,0.993324103975863,0.989202021175241
746.809045226131,-0.215853667242581,-0.0442182401526559,-0.12333838334168,-0.162998231190099,0.158134268696439,0.991255721592646,0.993320974488325,0.989190468696968
752.939698492462,-0.215853667242581,-0.0442182401526559,-0.12333838334168,-0.162998231190099,0.158134268696439,0.991248380642218,0.993317960423204,0.989178800861232
759.070351758794,-0.215853667242581,-0.0442182401526559,-0.12333838334168,-0.162998231190099,0.158134268696439,0.991241039724121,0.993315061063622,0.989167018384619
765.201005025126,-0.215853667242581,-0.0442182401526559,-0.12333838334168,-0.162998231190099,0.158134268696439,0.991233698838182,0.99331227567999,0.989155121996374
771.331658291457,-0.215853667242581,-0.0442182401526559,-0.12333838334168,-0.162998231190099,0.158134268696439,0.991226357984211,0.993309603530447,0.989143112437975
777.462311557789,-0.215853667242581,-0.0442182401526559,-0.12333838334168,-0.162998231190099,0.158134268696439,0.991219017162016,0.993307043861268,0.989130990462765
783.592964824121,-0.215853667242581,-0.0442182401526559,-0.12333838334168,-0.162998231190099,0.158134268696439,0.991211676371383,0.993304595907537,0.989118756835229
789.723618090452,-0.215853667242581,-0.0442182401526559,-0.12333838334168,-0.162998231190099,0.158134268696439,0.991204335612074,0.993302258893748,0.9891064123304
795.854271356784,-0.215853667242581,-0.0442182401526559,-0.12333838334168,-0.162998231190099,0.158134268696439,0.991196994883845,0.993300032034148,0.989093957733542
801.984924623115,-0.215853667242581,-0.0442182401526559,-0.12333838334168,-0.162998231190099,0.158134268696439,0.991189654186432,0.993297914533409,0.989081393839455
808.115577889447,-0.215853667242581,-0.0442182401526559,-0.12333838334168,-0.162998231190099,0.158134268696439,0.99118231351954,0.993295905587254,0.989068721451825
814.246231155779,-0.215853667242581,-0.0442182401526559,-0.12333838334168,-0.162998231190099,0.158134268696439,0.991174972882846,0.993294004382956,0.989055941382735
820.37688442211,-0.215853667242581,-0.0442182401526559,-0.12333838334168,-0.162998231190099,0.158134268696439,0.99116763227601,0.993292210099776,0.989043054452245
826.507537688442,-0.215853667242581,-0.0442182401526559,-0.12333838334168,-0.162998231190099,0.158134268696439,0.991160291698693,0.993290521909357,0.98903006148803
832.638190954774,-0.215853667242581,-0.0442182401526559,-0.12333838334168,-0.162998231190099,0.158134268696439,0.991152951150553,0.993288938976222,0.989016963324884
838.768844221105,-0.215853667242581,-0.0442182401526559,-0.12333838334168,-0.162998231190099,0.158134268696439,0.991145610631238,0.993287460458362,0.989003760804113
844.899497487437,-0.215853667242581,-0.0442182401526559,-0.12333838334168,-0.162998231190099,0.158134268696439,0.991138270140379,0.993286085507807,0.988990454772951
851.030150753769,-0.215853667242581,-0.0442182401526559,-0.12333838334168,-0.162998231190099,0.158134268696439,0.991130929677592,0.993284813271111,0.988977046084072
857.1608040201,-0.215853667242581,-0.0442182401526559,-0.12333838334168,-0.162998231190099,0.158134268696439,0.991123589242489,0.993283642889727,0.988963535595251
863.291457286432,-0.215853667242581,-0.0442182401526559,-0.12333838334168,-0.162998231190099,0.158134268696439,0.991116248834683,0.993282573500458,0.988949924168908
869.422110552764,-0.215853667242581,-0.0442182401526559,-0.12333838334168,-0.162998231190099,0.158134268696439,0.991108908453786,0.993281604235928,0.988936212671645
875.552763819095,-0.215853667242581,-0.0442182401526559,-0.12333838334168,-0.162998231190099,0.158134268696439,0.991101568099412,0.993280734225044,0.988922401973779
881.683417085427,-0.215853667242581,-0.0442182401526559,-0.12333838334168,-0.162998231190099,0.158134268696439,0.991094227771171,0.993279962593456,0.988908492948887
887.814070351759,-0.215853667242581,-0.0442182401526559,-0.12333838334168,-0.162998231190099,0.158134268696439,0.991086887468678,0.993279288463995,0.988894486473362
893.94472361809,-0.215853667242581,-0.0442182401526559,-0.12333838334168,-0.162998231190099,0.158134268696439,0.991079547191545,0.993278710957119,0.988880383425971
900.075376884422,-0.215853667242581,-0.0442182401526559,-0.12333838334168,-0.162998231190099,0.158134268696439,0.991072206939384,0.993278229191341,0.988866184687426
906.206030150754,-0.215853667242581,-0.0442182401526559,-0.12333838334168,-0.162998231190099,0.158134268696439,0.991064866711807,0.993277842283651,0.988851891139963
912.336683417085,-0.215853667242581,-0.0442182401526559,-0.12333838334168,-0.162998231190099,0.158134268696439,0.991057526508427,0.993277549349934,0.988837503666921
918.467336683417,-0.215853667242581,-0.0442182401526559,-0.12333838334168,-0.162998231190099,0.158134268696439,0.991050186328843,0.993277349505504,0.988823023152182
924.597989949749,-0.215853667242581,-0.0442182401526559,-0.12333838334168,-0.162998231190099,0.158134268696439,0.99104284617264,0.993277241865477,0.988808450479803
930.72864321608,-0.215853667242581,-0.0442182401526559,-0.12333838334168,-0.162998231190099,0.158134268696439,0.9910355060394,0.993277225545073,0.988793786533728
936.859296482412,-0.215853667242581,-0.0442182401526559,-0.12333838334168,-0.162998231190099,0.158134268696439,0.99102816592869,0.99327729966012,0.988779032197261
942.989949748744,-0.215853667242581,-0.0442182401526559,-0.12333838334168,-0.162998231190099,0.158134268696439,0.991020825840069,0.993277463327283,0.988764188352854
949.120603015075,-0.215853667242581,-0.0442182401526559,-0.12333838334168,-0.162998231190099,0.158134268696439,0.991013485773093,0.993277715664377,0.988749255881809
955.251256281407,-0.215853667242581,-0.0442182401526559,-0.12333838334168,-0.162998231190099,0.158134268696439,0.991006145727304,0.993278055790844,0.988734235663764
961.381909547739,-0.215853667242581,-0.0442182401526559,-0.12333838334168,-0.162998231190099,0.158134268696439,0.990998805702226,0.99327848282807,0.988719128576382
967.51256281407,-0.215853667242581,-0.0442182401526559,-0.12333838334168,-0.162998231190099,0.158134268696439,0.990991465697362,0.993278995899726,0.988703935494998
973.643216080402,-0.215853667242581,-0.0442182401526559,-0.12333838334168,-0.162998231190099,0.158134268696439,0.9909841257122,0.993279594132003,0.988688657292397
979.773869346734,-0.215853667242581,-0.0442182401526559,-0.12333838334168,-0.162998231190099,0.158134268696439,0.990976785746214,0.993280276653826,0.988673294838603
985.904522613065,-0.215853667242581,-0.0442182401526559,-0.12333838334168,-0.162998231190099,0.158134268696439,0.990969445798869,0.993281042597111,0.988657849000626
992.035175879397,-0.215853667242581,-0.0442182401526559,-0.12333838334168,-0.162998231190099,0.158134268696439,0.990962105869625,0.993281891096887,0.988642320642364
998.165829145728,-0.215853667242581,-0.0442182401526559,-0.12333838334168,-0.162998231190099,0.158134268696439,0.990954765957947,0.993282821291522,0.988626710624373
1004.29648241206,-0.215853667242581,-0.0442182401526559,-0.12333838334168,-0.162998231190099,0.158134268696439,0.990947426063297,0.993283832322958,0.988611019803635
1010.42713567839,-0.215853667242581,-0.0442182401526559,-0.12333838334168,-0.162998231190099,0.158134268696439,0.990940086185136,0.993284923336931,0.988595249033341
1016.55778894472,-0.215853667242581,-0.0442182401526559,-0.12333838334168,-0.162998231190099,0.158134268696439,0.990932746322928,0.993286093483182,0.988579399162675
1022.68844221106,-0.215853667242581,-0.0442182401526559,-0.12333838334168,-0.162998231190099,0.158134268696439,0.990925406476135,0.993287341915673,0.988563471036598
1028.81909547739,-0.215853667242581,-0.0442182401526559,-0.12333838334168,-0.162998231190099,0.158134268696439,0.990918066644206,0.993288667792902,0.98854746549551
1034.94974874372,-0.215853667242581,-0.0442182401526559,-0.12333838334168,-0.162998231190099,0.158134268696439,0.990910726826578,0.993290070278101,0.988531383375055
1041.08040201005,-0.215853667242581,-0.0442182401526559,-0.12333838334168,-0.162998231190099,0.158134268696439,0.990903387022679,0.993291548539316,0.988515225506042
1047.21105527638,-0.215853667242581,-0.0442182401526559,-0.12333838334168,-0.162998231190099,0.158134268696439,0.990896047231929,0.99329310174957,0.988498992714288
1053.34170854271,-0.215853667242581,-0.0442182401526559,-0.12333838334168,-0.162998231190099,0.158134268696439,0.99088870745374,0.993294729086957,0.988482685820522
1059.47236180905,-0.215853667242581,-0.0442182401526559,-0.12333838334168,-0.162998231190099,0.158134268696439,0.990881367687518,0.993296429734779,0.988466305640257
1065.60301507538,-0.215853667242581,-0.0442182401526559,-0.12333838334168,-0.162998231190099,0.158134268696439,0.990874027932663,0.993298202881724,0.988449852983603
1071.73366834171,-0.215853667242581,-0.0442182401526559,-0.12333838334168,-0.162998231190099,0.158134268696439,0.990866688188571,0.993300047721822,0.988433328655321
1077.86432160804,-0.215853667242581,-0.0442182401526559,-0.12333838334168,-0.162998231190099,0.158134268696439,0.990859348454638,0.993301963454477,0.988416733454799
1083.99497487437,-0.215853667242581,-0.0442182401526559,-0.12333838334168,-0.162998231190099,0.158134268696439,0.990852008730261,0.993303949284613,0.988400068175908
1090.1256281407,-0.215853667242581,-0.0442182401526559,-0.12333838334168,-0.162998231190099,0.158134268696439,0.990844669014839,0.993306004422793,0.988383333606885
1096.25628140703,-0.215853667242581,-0.0442182401526559,-0.12333838334168,-0.162998231190099,0.158134268696439,0.99083732930778,0.993308128085357,0.988366530530204
1102.38693467337,-0.215853667242581,-0.0442182401526559,-0.12333838334168,-0.162998231190099,0.158134268696439,0.9908299896085,0.993310319494446,0.988349659722554
1108.5175879397,-0.215853667242581,-0.0442182401526559,-0.12333838334168,-0.162998231190099,0.158134268696439,0.990822649916429,0.993312577878136,0.988332721954721
1114.64824120603,-0.215853667242581,-0.0442182401526559,-0.12333838334168,-0.162998231190099,0.158134268696439,0.990815310231009,0.993314902470437,0.988315717991582
1120.77889447236,-0.215853667242581,-0.0442182401526559,-0.12333838334168,-0.162998231190099,0.158134268696439,0.990807970551691,0.993317292511306,0.988298648592076
1126.90954773869,-0.215853667242581,-0.0442182401526559,-0.12333838334168,-0.162998231190099,0.158134268696439,0.990800630877934,0.993319747246735,0.988281514509133
1133.04020100502,-0.215853667242581,-0.0442182401526559,-0.12333838334168,-0.162998231190099,0.158134268696439,0.9907932912092,0.993322265928747,0.988264316489654
1139.17085427136,-0.215853667242581,-0.0442182401526559,-0.12333838334168,-0.162998231190099,0.158134268696439,0.990785951544956,0.993324847815462,0.98824705527445
1145.30150753769,-0.215853667242581,-0.0442182401526559,-0.12333838334168,-0.162998231190099,0.158134268696439,0.990778611884687,0.993327492171239,0.988229731598135
1151.43216080402,-0.215853667242581,-0.0442182401526559,-0.12333838334168,-0.162998231190099,0.158134268696439,0.990771272227883,0.993330198266652,0.988212346189113
1157.56281407035,-0.215853667242581,-0.0442182401526559,-0.12333838334168,-0.162998231190099,0.158134268696439,0.99076393257405,0.993332965378609,0.988194899769492
1163.69346733668,-0.215853667242581,-0.0442182401526559,-0.12333838334168,-0.162998231190099,0.158134268696439,0.990756592922742,0.993335792790583,0.988177393054901
1169.82412060301,-0.215853667242581,-0.0442182401526559,-0.12333838334168,-0.162998231190099,0.158134268696439,0.990749253273564,0.993338679792785,0.988159826754344
1175.95477386935,-0.215853667242581,-0.0442182401526559,-0.12333838334168,-0.162998231190099,0.158134268696439,0.990741913626176,0.993341625682239,0.988142201570112
1182.08542713568,-0.215853667242581,-0.0442182401526559,-0.12333838334168,-0.162998231190099,0.158134268696439,0.990734573980275,0.993344629762808,0.988124518197741
1188.21608040201,-0.215853667242581,-0.0442182401526559,-0.12333838334168,-0.162998231190099,0.158134268696439,0.990727234335595,0.993347691345247,0.988106777325942
1194.34673366834,-0.215853667242581,-0.0442182401526559,-0.12333838334168,-0.162998231190099,0.158134268696439,0.990719894691897,0.993350809747207,0.988088979636586
1200.47738693467,-0.215853667242581,-0.0442182401526559,-0.12333838334168,-0.162998231190099,0.158134268696439,0.99071255504895,0.993353984293154,0.988071125804746
1206.608040201,-0.215853667242581,-0.0442182401526559,-0.12333838334168,-0.162998231190099,0.158134268696439,0.990705215406569,0.993357214314677,0.988053216498461
1212.73869346734,-0.215853667242581,-0.0442182401526559,-0.12333838334168,-0.162998231190099,0.158134268696439,0.990697875764581,0.993360499150322,0.98803525237884
1218.86934673367,-0.215853667242581,-0.0442182401526559,-0.12333838334168,-0.162998231190099,0.158134268696439,0.990690536122818,0.993363838145498,0.988017234100137
1225,-0.215853667242581,-0.0442182401526559,-0.12333838334168,-0.162998231190099,0.158134268696439,0.990683196481145,0.993367230652808,0.987999162309482
